Workbook

Sheet Deckblatt
B2: Neuentwicklung iBMS 3.0
B3: ZA 4.2/1002001550/LS
B4: Preisblätter der Profile A-E
B6: Die nachfolgenden Preisblätter sind vom Bieter vollständig für alle Profile (A-E) auszufüllen. Hierbei sind die Preise in Euro, Bruchteile in vollen Cent (zwei Nachkommastellen), ohne Umsatzsteuer, anzugeben. Die Angabe sowohl des Tagessatzes (gelb hinterlegte Felder) ist zwingend vorzunehmen. Die Multiplikation des Tagessatzes mit der Kalkulationsvorgabe der Sätze Executive, Senior, Professional und Junior in der Spalte D „Gesamt“ erfolgt automatisch. Die Nichtbeachtung dieser Anforderungen stellt einen zwingenden Ausschlussgrund dar. Auf diesem Deckblatt erfolgt der Übertrag der fünf Wertungspreise der Profil-Preisblätter A-E und deren Addition zum Gesamtwertungspreis. Auf dem Deckblatt ist darüber hinaus die Skontoangabe zu tätigen. Die Leistung umfasst sämtliche Tätigkeitbereiche wie in der Leistungsbeschreibung sowie den zugehörigen Anlagen beschrieben. Die anzugebenden Tagessätze beinhalten sämtliche Auslagen und Nebenkosten des Auftragnehmers (insb. Fracht-, Versand-, Druck-, Büro-, Versicherungs-, Post-, Fernsprech-, Reise- und Aufenthaltskosten sowie alle weiteren nicht explizit aufgeführten, jedoch mit der Leistungserbringung im Zusammenhang stehenden Kosten des Auftragnehmers).
B8: Name des Bieters/der Bietergemeinschaft:
B11: Angabe Skonto:
B13: Summe* aller Wertungspreise:
B14: *Summenbildung erfolgt automatisch auf Basis der auf den einzelnen Tabellenblättern getätigten Eingaben.
B16: Profil A: | F16: ='Profil A'!D17 -> 0
B17: Profil B: | F17: ='Profil B'!D17 -> 0
B18: Profil C: | F18: ='Profil C'!D17 -> 0
B19: Profil D: | F19: ='Profil D'!D17 -> 0
B20: Profil E: | F20: ='Profil E'!D17 -> 0
B22: Gesamtbewertungspreis | F22: =F16+F17+F18+F19+F20 -> 0

Sheet Profil A
B2: Neuentwicklung iBMS 3.0
B3: =Deckblatt!B3 -> ZA 4.2/1002001550/LS
B4: Preisblatt Profil A: Software Architekt und Projektmanager
B5: =Deckblatt!B9 -> 0
B7: Kalkulationsvorgabe:
B8: insgesamt 100 Tage pro Jahr; 10 % Executive, 20 % Senior, 50 % Professional, 20 % Junior; Werkstudenten sind in diesem Profil nicht anzubieten.
C11: 8-Stunden-Tagessatz EUR (netto) inkl. Reisekosten, Nebenkosten, Materialkosten und Reisezeiten | D11: Gesamt EUR (netto)
B12: Satz Executive Kalkulationsvorgabe: 10 Tage pro Jahr (Wertungspreis) | D12: =(C12*10) -> 0
B13: Satz Senior Kalkulationsvorgabe: 20 Tage pro Jahr (Wertungspreis) | D13: =(C13*20) -> 0
B14: Satz Professional Kalkulationsvorgabe: 50 Tage pro Jahr (Wertungspreis) | D14: =(C14*50) -> 0
B15: Satz Junior Kalkulationsvorgabe: 20 Tage pro Jahr (Wertungspreis) | D15: =(C15*20) -> 0
B17: Summe/Wertungspreis Profil A: | D17: =D12+D13+D14+D15 -> 0
D19: Dieser Wert wird auf das Deckblatt übertragen

Sheet Profil B
B2: Neuentwicklung iBMS 3.0
B3: =Deckblatt!B3 -> ZA 4.2/1002001550/LS
B4: Preisblatt Profil B: Software Lead Engineer
B5: =Deckblatt!B9 -> 0
B7: Kalkulationsvorgabe:
B8: insgesamt 100 Tage pro Jahr; 10 % Executive, 20 % Senior, 50 % Professional, 20 % Junior; Werkstudenten sind in diesem Profil nicht anzubieten.
C11: 8-Stunden-Tagessatz EUR (netto) inkl. Reisekosten, Nebenkosten, Materialkosten und Reisezeiten | D11: Gesamt EUR (netto)
B12: Satz Executive Kalkulationsvorgabe: 10 Tage pro Jahr (Wertungspreis) | D12: =(C12*10) -> 0
B13: Satz Senior Kalkulationsvorgabe: 20 Tage pro Jahr (Wertungspreis) | D13: =(C13*20) -> 0
B14: Satz Professional Kalkulationsvorgabe: 50 Tage pro Jahr (Wertungspreis) | D14: =(C14*50) -> 0
B15: Satz Junior Kalkulationsvorgabe: 20 Tage pro Jahr (Wertungspreis) | D15: =(C15*20) -> 0
B17: Summe/Wertungspreis Profil B: | D17: =D12+D13+D14+D15 -> 0
D18: Dieser Wert wird auf das Deckblatt übertragen

Sheet Profil C
B2: Neuentwicklung iBMS 3.0
B3: =Deckblatt!B3 -> ZA 4.2/1002001550/LS
B4: Preisblatt Profil C: Software Engineer Entwicklung
B5: =Deckblatt!B9 -> 0
B7: Kalkulationsvorgabe:
B8: insgesamt 200 Tage pro Jahr; 10% Executive, 20 % Senior, 50 % Professional, 20 % Junior, Werkstudenten sind in diesem Profil nicht anzubieten.
C11: 8-Stunden-Tagessatz EUR (netto) inkl. Reisekosten, Nebenkosten, Materialkosten und Reisezeiten | D11: Gesamt EUR (netto)
B12: Satz Executive Kalkulationsvorgabe: 20 Tage pro Jahr (Wertungspreis) | D12: =(C12*20) -> 0
B13: Satz Senior Kalkulationsvorgabe: 40 Tage pro Jahr (Wertungspreis) | D13: =(C13*40) -> 0
B14: Satz Professional Kalkulationsvorgabe: 100 Tage pro Jahr (Wertungspreis) | D14: =(C14*100) -> 0
B15: Satz Junior Kalkulationsvorgabe: 40 Tage pro Jahr (Wertungspreis) | D15: =(C15*40) -> 0
B17: Summe/Wertungspreis Profil C: | D17: =D12+D13+D14+D15 -> 0
D18: Dieser Wert wird auf das Deckblatt übertragen

Sheet Profil D
B2: Neuentwicklung iBMS 3.0
B3: =Deckblatt!B3 -> ZA 4.2/1002001550/LS
B4: Preisblatt Profil D: Software Engineer Test/QS
B5: =Deckblatt!B9 -> 0
B7: Kalkulationsvorgabe:
B8: insgesamt 100 Tage pro Jahr; 10% Executive,20 % Senior, 50 % Professional, 20 % Junior; Werkstudenten sind in diesem Profil nicht anzubieten.
C11: 8-Stunden-Tagessatz EUR (netto) inkl. Reisekosten, Nebenkosten, Materialkosten und Reisezeiten | D11: Gesamt EUR (netto)
B12: Satz Executive Kalkulationsvorgabe: 10 Tage pro Jahr (Wertungspreis) | D12: =(C12*10) -> 0
B13: Satz Senior Kalkulationsvorgabe: 20 Tage pro Jahr (Wertungspreis) | D13: =(C13*20) -> 0
B14: Satz Professional Kalkulationsvorgabe: 50 Tage pro Jahr (Wertungspreis) | D14: =(C14*50) -> 0
B15: Satz Junior Kalkulationsvorgabe: 20 Tage pro Jahr (Wertungspreis) | D15: =(C15*20) -> 0
B17: Summe/Wertungspreis Profil D: | D17: =D12+D13+D14+D15 -> 0
D18: Dieser Wert wird auf das Deckblatt übertragen

Sheet Profil E
B2: Neuentwicklung iBMS 3.0
B3: =Deckblatt!B3 -> ZA 4.2/1002001550/LS
B4: Preisblatt Profil E: Produktmanagement
B5: =Deckblatt!B9 -> 0
B7: Kalkulationsvorgabe:
B8: insgesamt 100 Tage pro Jahr; 10% Executive, 20 % Senior, 50 % Professional, 20 % Junior; Werkstudenten sind in diesem Profil nicht anzubieten.
C11: 8-Stunden-Tagessatz EUR (netto) inkl. Reisekosten, Nebenkosten, Materialkosten und Reisezeiten | D11: Gesamt EUR (netto)
B12: Satz Executive Kalkulationsvorgabe: 10 Tage pro Jahr (Wertungspreis) | D12: =(C12*10) -> 0
B13: Satz Senior Kalkulationsvorgabe: 20 Tage pro Jahr (Wertungspreis) | D13: =(C13*20) -> 0
B14: Satz Professional Kalkulationsvorgabe: 50 Tage pro Jahr (Wertungspreis) | D14: =(C14*50) -> 0
B15: Satz Junior Kalkulationsvorgabe: 20 Tage pro Jahr (Wertungspreis) | D15: =(C15*20) -> 0
B17: Summe/Wertungspreis Profil E: | D17: =D12+D13+D14+D15 -> 0
D18: Dieser Wert wird auf das Deckblatt übertragen
B23: Skontoabfrage
